"STATION","DATE","LATITUDE","LONGITUDE","ELEVATION","NAME","REPORT_TYPE","SOURCE","HourlyAltimeterSetting","HourlyDewPointTemperature","HourlyDryBulbTemperature","HourlyPrecipitation","HourlyPresentWeatherType","HourlyPressureChange","HourlyPressureTendency","HourlyRelativeHumidity","HourlySkyConditions","HourlySeaLevelPressure","HourlyStationPressure","HourlyVisibility","HourlyWetBulbTemperature","HourlyWindDirection","HourlyWindGustSpeed","HourlyWindSpeed","Sunrise","Sunset","DailyAverageDewPointTemperature","DailyAverageDryBulbTemperature","DailyAverageRelativeHumidity","DailyAverageSeaLevelPressure","DailyAverageStationPressure","DailyAverageWetBulbTemperature","DailyAverageWindSpeed","DailyCoolingDegreeDays","DailyDepartureFromNormalAverageTemperature","DailyHeatingDegreeDays","DailyMaximumDryBulbTemperature","DailyMinimumDryBulbTemperature","DailyPeakWindDirection","DailyPeakWindSpeed","DailyPrecipitation","DailySnowDepth","DailySnowfall","DailySustainedWindDirection","DailySustainedWindSpeed","DailyWeather","MonthlyAverageRH","MonthlyDaysWithGT001Precip","MonthlyDaysWithGT010Precip","MonthlyDaysWithGT32Temp","MonthlyDaysWithGT90Temp","MonthlyDaysWithLT0Temp","MonthlyDaysWithLT32Temp","MonthlyDepartureFromNormalAverageTemperature","MonthlyDepartureFromNormalCoolingDegreeDays","MonthlyDepartureFromNormalHeatingDegreeDays","MonthlyDepartureFromNormalMaximumTemperature","MonthlyDepartureFromNormalMinimumTemperature","MonthlyDepartureFromNormalPrecipitation","MonthlyDewpointTemperature","MonthlyGreatestPrecip","MonthlyGreatestPrecipDate","MonthlyGreatestSnowDepth","MonthlyGreatestSnowDepthDate","MonthlyGreatestSnowfall","MonthlyGreatestSnowfallDate","MonthlyMaxSeaLevelPressureValue","MonthlyMaxSeaLevelPressureValueDate","MonthlyMaxSeaLevelPressureValueTime","MonthlyMaximumTemperature","MonthlyMeanTemperature","MonthlyMinSeaLevelPressureValue","MonthlyMinSeaLevelPressureValueDate","MonthlyMinSeaLevelPressureValueTime","MonthlyMinimumTemperature","MonthlySeaLevelPressure","MonthlyStationPressure","MonthlyTotalLiquidPrecipitation","MonthlyTotalSnowfall","MonthlyWetBulb","AWND","CDSD","CLDD","DSNW","HDSD","HTDD","DYTS","DYHF","NormalsCoolingDegreeDay","NormalsHeatingDegreeDay","ShortDurationEndDate005","ShortDurationEndDate010","ShortDurationEndDate015","ShortDurationEndDate020","ShortDurationEndDate030","ShortDurationEndDate045","ShortDurationEndDate060","ShortDurationEndDate080","ShortDurationEndDate100","ShortDurationEndDate120","ShortDurationEndDate150","ShortDurationEndDate180","ShortDurationPrecipitationValue005","ShortDurationPrecipitationValue010","ShortDurationPrecipitationValue015","ShortDurationPrecipitationValue020","ShortDurationPrecipitationValue030","ShortDurationPrecipitationValue045","ShortDurationPrecipitationValue060","ShortDurationPrecipitationValue080","ShortDurationPrecipitationValue100","ShortDurationPrecipitationValue120","ShortDurationPrecipitationValue150","ShortDurationPrecipitationValue180","REM","BackupDirection","BackupDistance","BackupDistanceUnit","BackupElements","BackupElevation","BackupEquipment","BackupLatitude","BackupLongitude","BackupName","WindEquipmentChangeDate"
"71112099999","2000-09-14T12:40:00","49.1666666","-123.0666666","16.0","RICHMOND OPERATION CENTRE, CA","FM-15","4","","57","68","","","","","69","","","","15.00","","360","","28","","","","","","","","","","","","","","","","","","","","","","","","","","","","","","","","","","","","","","","","","","","","","","","","","","","","","","","","","","","","","","","","","","","","","","","","","","","","","","","","","","","","","","","","","","","MET077CWAN 142040Z 36024KT 15SM BKN016 BKN220 BKN270 20/14 RMK AC5CC2CI0 ALTM MISG;","","","","","","","","","",""
"71112099999","2000-11-24T10:00:00","49.1666666","-123.0666666","16.0","RICHMOND OPERATION CENTRE, CA","FM-15","4","","46","48","","||RA","","","94","","","","12.00","","160","","34","","","","","","","","","","","","","","","","","","","","","","","","","","","","","","","","","","","","","","","","","","","","","","","","","","","","","","","","","","","","","","","","","","","","","","","","","","","","","","","","","","","","","","","","","","","MET063CWAN 241800Z 16030KT 12SM -RA OVC008 09/08 RMK NS8 OBS TKN -20;","","","","","","","","","",""
"71112099999","2000-11-25T09:45:00","49.1666666","-123.0666666","16.0","RICHMOND OPERATION CENTRE, CA","FM-15","4","","46","46","","","","","100","","","","15.00","","360","","5","","","","","","","","","","","","","","","","","","","","","","","","","","","","","","","","","","","","","","","","","","","","","","","","","","","","","","","","","","","","","","","","","","","","","","","","","","","","","","","","","","","","","","","","","","","MET095CWAN 251745Z 36004KT 15SM FEW001 BKN030 08/08 RMK SF1SC4 OBS TKN -20 FG BNK 5M SE-SW ALTM MISG;","","","","","","","","","",""
"71112099999","2000-11-25T16:00:00","49.1666666","-123.0666666","16.0","RICHMOND OPERATION CENTRE, CA","FM-15","4","","45","48","","||SHRA","","","87","20","","","15.00","","160","","28","","","","","","","","","","","","","","","","","","","","","","","","","","","","","","","","","","","","","","","","","","","","","","","","","","","","","","","","","","","","","","","","","","","","","","","","","","","","","","","","","","","","","","","","","","","MET111CWAN 260000Z 16024KT 15SM -SHRA BKN020TCU OVC260 09/07 RMK TCU5CI0 OBS TKN -20 LAST OBS NEXT 261200Z ALTM MISG;","","","","","","","","","",""
"71112099999","2000-11-27T12:45:00","49.1666666","-123.0666666","16.0","RICHMOND OPERATION CENTRE, CA","FM-15","4","","41","43","","","","","93","24","","","15.00","","360","","9","","","","","","","","","","","","","","","","","","","","","","","","","","","","","","","","","","","","","","","","","","","","","","","","","","","","","","","","","","","","","","","","","","","","","","","","","","","","","","","","","","","","","","","","","","","MET062CWAN 272045Z 36008KT 15SM BKN024TCU 06/05 RMK TCU6 OBS TKN-20;","","","","","","","","","",""
"71112099999","2000-12-02T13:00:00","49.1666666","-123.0666666","16.0","RICHMOND OPERATION CENTRE, CA","FM-15","4","","","","","","","","","","","","15.00","","","","","","","","","","","","","","","","","","","","","","","","","","","","","","","","","","","","","","","","","","","","","","","","","","","","","","","","","","","","","","","","","","","","","","","","","","","","","","","","","","","","","","","","","","","","","","","MET080CWAN 022100Z ///// FEW002 BKN020 15/ RMK 7/7/0204/M/SF1CU5 OBS TKN-20 ALTM MISG;","","","","","","","","","",""
"71112099999","2000-12-06T07:00:00","49.1666666","-123.0666666","16.0","RICHMOND OPERATION CENTRE, CA","FM-15","4","","39","39","","","","","100","","","","15.00","","020","","11","","","","","","","","","","","","","","","","","","","","","","","","","","","","","","","","","","","","","","","","","","","","","","","","","","","","","","","","","","","","","","","","","","","","","","","","","","","","","","","","","","","","","","","","","","","MET087CWAN 061500Z 02010KT 15SM FEW001 04/04 RMK SN3 OBS TKN -20 VIS TO N .5NM FOG ALTM MISG;","","","","","","","","","",""
"71112099999","2000-12-07T07:00:00","49.1666666","-123.0666666","16.0","RICHMOND OPERATION CENTRE, CA","FM-15","4","","39","39","","||FG","","","100","","","","0.12","","160","","2","","","","","","","","","","","","","","","","","","","","","","","","","","","","","","","","","","","","","","","","","","","","","","","","","","","","","","","","","","","","","","","","","","","","","","","","","","","","","","","","","","","","","","","","","","","MET062CWAN 071500Z 16002KT 1/8SM FG VV001 04/04 RMK FG8 OBS TKN -20;","","","","","","","","","",""
"71112099999","2000-12-13T10:00:00","49.1666666","-123.0666666","16.0","RICHMOND OPERATION CENTRE, CA","FM-15","4","","32","36","","||RA","","","87","","","","15.00","","020","","14","","","","","","","","","","","","","","","","","","","","","","","","","","","","","","","","","","","","","","","","","","","","","","","","","","","","","","","","","","","","","","","","","","","","","","","","","","","","","","","","","","","","","","","","","","","MET082CWAN 131800Z 02012KT 15SM -RA OVC020 02/00 RMK SC8 OBS TKN -20 R- INTMT ALTM MISG;","","","","","","","","","",""
"71112099999","2000-12-13T16:00:00","49.1666666","-123.0666666","16.0","RICHMOND OPERATION CENTRE, CA","FM-15","4","","30","37","","","","","75","","","","15.00","","360","","9","","","","","","","","","","","","","","","","","","","","","","","","","","","","","","","","","","","","","","","","","","","","","","","","","","","","","","","","","","","","","","","","","","","","","","","","","","","","","","","","","","","","","","","","","","","MET092CWAN 140000Z 36008KT 15SM OVC020 03/M01 RMK SC8 OBS TKN -20 LAST OBS NEXT 141200Z ALTM MISG;","","","","","","","","","",""
"71112099999","2000-12-15T04:00:00","49.1666666","-123.0666666","16.0","RICHMOND OPERATION CENTRE, CA","FM-15","4","","27","32","","","","","80","","","","15.00","","360","","9","","","","","","","","","","","","","","","","","","","","","","","","","","","","","","","","","","","","","","","","","","","","","","","","","","","","","","","","","","","","","","","","","","","","","","","","","","","","","","","","","","","","","","","","","","","MET058CWAN 151200Z 36008KT 15SM SKC 00/M03 RMK OBS TKN -20 0900;","","","","","","","","","",""
"71112099999","2000-12-16T07:00:00","49.1666666","-123.0666666","16.0","RICHMOND OPERATION CENTRE, CA","FM-15","4","","46","46","","||RA","","","100","","","","1.00","","180","","19","","","","","","","","","","","","","","","","","","","","","","","","","","","","","","","","","","","","","","","","","","","","","","","","","","","","","","","","","","","","","","","","","","","","","","","","","","","","","","","","","","","","","","","","","","","MET075CWAN 161500Z 18017KT 1SM -RA BR OVC004 08/08 RMK NS8 OBS TKN -20 ALTM MISG;","","","","","","","","","",""
"71112099999","2000-12-17T04:00:00","49.1666666","-123.0666666","16.0","RICHMOND OPERATION CENTRE, CA","FM-15","4","","37","41","","","","","87","","","","15.00","","320","","5","","","","","","","","","","","","","","","","","","","","","","","","","","","","","","","","","","","","","","","","","","","","","","","","","","","","","","","","","","","","","","","","","","","","","","","","","","","","","","","","","","","","","","","","","","","MET077CWAN 171200Z 32004KT 15SM BKN024 05/03 RMK TC6 OBS TKN -20 OCNL RW ALTM MISG;","","","","","","","","","",""
"71112099999","2000-12-17T07:00:00","49.1666666","-123.0666666","16.0","RICHMOND OPERATION CENTRE, CA","FM-15","4","","39","41","","","","","93","","","","15.00","","360","","7","","","","","","","","","","","","","","","","","","","","","","","","","","","","","","","","","","","","","","","","","","","","","","","","","","","","","","","","","","","","","","","","","","","","","","","","","","","","","","","","","","","","","","","","","","","MET057CWAN 171500Z 36006KT 15SM SKC 05/04 RMK OBS TKN -20 5500;","","","","","","","","","",""
"71112099999","2000-12-18T04:00:00","49.1666666","-123.0666666","16.0","RICHMOND OPERATION CENTRE, CA","FM-15","4","","34","41","","","","","76","","","","15.00","","140","","18","","","","","","","","","","","","","","","","","","","","","","","","","","","","","","","","","","","","","","","","","","","","","","","","","","","","","","","","","","","","","","","","","","","","","","","","","","","","","","","","","","","","","","","","","","","MET064CWAN 181200Z 14016KT 15SM BKN026 05/01 RMK SC6 OBS TKN -20 0588;","","","","","","","","","",""
"71112099999","2000-12-18T07:00:00","49.1666666","-123.0666666","16.0","RICHMOND OPERATION CENTRE, CA","FM-15","4","","34","41","","","","","76","","","","15.00","","020","","16","","","","","","","","","","","","","","","","","","","","","","","","","","","","","","","","","","","","","","","","","","","","","","","","","","","","","","","","","","","","","","","","","","","","","","","","","","","","","","","","","","","","","","","","","","","MET061CWAN 181500Z 02014KT 15SM BKN150 OVC240 05/01 RMK AC6CI0 OBS;","","","","","","","","","",""
"71112099999","2000-12-22T10:00:00","49.1666666","-123.0666666","16.0","RICHMOND OPERATION CENTRE, CA","FM-15","4","","37","46","","","","","71","","","","15.00","","360","","18","","","","","","","","","","","","","","","","","","","","","","","","","","","","","","","","","","","","","","","","","","","","","","","","","","","","","","","","","","","","","","","","","","","","","","","","","","","","","","","","","","","","","","","","","","","MET064CWAN 221800Z 36016KT 15SM BKN050 08/03 RMK SC6 OBS TKN -20 5377;","","","","","","","","","",""
"71112099999","2000-12-22T16:00:00","49.1666666","-123.0666666","16.0","RICHMOND OPERATION CENTRE, CA","FM-15","4","","39","48","","","","","71","","","","15.00","","020","","9","","","","","","","","","","","","","","","","","","","","","","","","","","","","","","","","","","","","","","","","","","","","","","","","","","","","","","","","","","","","","","","","","","","","","","","","","","","","","","","","","","","","","","","","","","","MET100CWAN 230000Z 02008KT 15SM BKN070 09/04 RMK AC7 OBS TKN -20 LAST OBS NEXT OBS 231200Z 0199 ALTM MISG;","","","","","","","","","",""
"71112099999","2000-12-23T13:00:00","49.1666666","-123.0666666","16.0","RICHMOND OPERATION CENTRE, CA","FM-15","4","","43","45","","||RA","","","93","","","","4.00","","360","","7","","","","","","","","","","","","","","","","","","","","","","","","","","","","","","","","","","","","","","","","","","","","","","","","","","","","","","","","","","","","","","","","","","","","","","","","","","","","","","","","","","","","","","","","","","","MET064CWAN 232100Z 36006KT 4SM RA BR OVC006 07/06 RMK NS8 OBS TKN -20;","","","","","","","","","",""
"71112099999","2000-12-25T07:00:00","49.1666666","-123.0666666","16.0","RICHMOND OPERATION CENTRE, CA","FM-15","4","","45","45","","||RA","","","100","","","","6.00","","360","","14","","","","","","","","","","","","","","","","","","","","","","","","","","","","","","","","","","","","","","","","","","","","","","","","","","","","","","","","","","","","","","","","","","","","","","","","","","","","","","","","","","","","","","","","","","","MET064CWAN 251500Z 36012KT 6SM -RA BR OVC005 07/07 RMK NS8 OBS TKN-20;","","","","","","","","","",""
"71112099999","2000-12-31T13:00:00","49.1666666","-123.0666666","16.0","RICHMOND OPERATION CENTRE, CA","FM-15","4","","46","46","","||RA","","","100","","","","1.00","","180","","11","","","","","","","","","","","","","","","","","","","","","","","","","","","","","","","","","","","","","","","","","","","","","","","","","","","","","","","","","","","","","","","","","","","","","","","","","","","","","","","","","","","","","","","","","","","MET075CWAN 312100Z 18010KT 1SM -RA BR OVC002 08/08 RMK ST8 OBS TKN -20 ALTM MISG;","","","","","","","","","",""
